[{
	
	"employeeId":"201201",
	"employeeName":"Pandiyan Vadivel",
	"title":"PM",
	"position":"off-shore",
	"competency":"CI Web",
	"img":"assets/images/1.jpg"
},

{
	
	"employeeId":"201202",
	"employeeName":"Kumar D",
	"title":"PAT",
	"position":"off-shore",
	"competency":"CI Web",
	"img":"assets/images/2.jpg"
},
{
	
	"employeeId":"201203",
	"employeeName":"Kumar M",
	"title":"PA",
	"position":"off-shore",
	"competency":"CI Web",
	"img":"assets/images/3.jpg"
},
{
	
	"employeeId":"201204",
	"employeeName":"Karthik S",
	"title":"PAT",
	"position":"off-shore",
	"competency":"CI Web",
	"img":"assets/images/4.jpg"
},
{
	
	"employeeId":"201205",
	"employeeName":"DeviPriya S",
	"title":"PAT",
	"position":"off-shore",
	"competency":"CI Web",
	"img":"assets/images/download.png"
}
	
]