[{
	
	"employeeId":"201202",
	"employeeName":"S Sowmiya",
	"title":"TL",
	"position":"On-shore",
	"competency":"CI Web",
	"ContactNo":"9865741235",
	"BloodGroup":"B+",
	"Address":"Sipcot Siruseri Chennai",
	"img":"assets/images/download.png"
},
{
	
	"employeeId":"201201",
	"employeeName":"Ankit Sharma",
	"title":"PM",
	"position":"On-shore",
	"competency":"CI Web",
	"ContactNo":"8865741200",
	"BloodGroup":"O+",
	"Address":"TCO Chennai",
	"img":"assets/images/download.png"
},


{
	
	"employeeId":"201203",
	"employeeName":"Reshma",
	"title":"PA",
	"position":"Off-shore",
	"competency":"CI Web",
	"ContactNo":"7860041235",
	"BloodGroup":"B-",
	"Address":"Sipcot Siruseri Chennai",
	"img":"assets/images/download.png"
},
{
	
	"employeeId":"201204",
	"employeeName":"Saravana",
	"title":"PAT",
	"position":"Off-shore",
	"competency":"CI Web",
	"ContactNo":"7765749935",
	"BloodGroup":"B+",
	"Address":"Sipcot Siruseri Chennai",
	"img":"assets/images/download.png"
},
{
	
	"employeeId":"201205",
	"employeeName":"Niranjan",
	"title":"PAT",
	"position":"On-shore",
	"competency":"CI Web",
	"ContactNo":"9865741235",
	"BloodGroup":"B+",
	"Address":"CKC Shallinganallur Chennai",
	"img":"assets/images/download.png"
}
	
]